CD_MUN,NM_MUN,2008.0,2009.0,2010.0,2011.0,2012.0,2013.0,2014.0,2015.0,2016.0,2017.0,2018.0,2019.0,2020.0,2021.0,2022.0,2023.0,area_total_desmatada_km2
1500107,Abaetetuba,1.2474280281484698,3.000342717440129,3.844140793747497,0.8346893195308798,2.249779015025403,0.4245049517338636,0.2449733087721228,0.5886783777542467,0.38734676163286424,1.183829897113735,0.6428844449728373,0.3414687600796401,1.247750783592299,1.7021508127203318,0.4084894073009224,0.3156623067669734,18.66411968633222
1500131,Abel Figueiredo,2.0261109110256452,0.9616485839339153,1.6634622126530365,0.4348296570811443,0.0,0.345509499365152,0.4304383135885296,0.16520347247142367,0.5042437283955065,0.24138832069439825,0.9414592945806962,4.060408969532312,1.1994541684307207,2.0743742642571403,2.7272195604507767,1.4751070011558178,19.250857957616212
1500206,Acará,47.965126127383215,12.089468232373953,30.201962240752664,15.057947408957789,4.8360973539636065,18.267402069818115,5.876264380750653,7.029938847781538,7.127193651908292,18.601928164687827,16.819036314031262,18.281100981090326,15.727933819807395,10.374668444381214,5.735874369369799,8.40379602454128,242.39573843159894
1500305,Afuá,0.1338223466989012,0.0,1.7353576127337091,0.0,0.15082866617554663,0.07407166591998463,0.17213413821472381,0.0,0.0,0.12078186248921997,0.0,0.10799471303267327,0.0,0.0,0.1649192731651523,0.27252181178933826,2.9324320902192493
1500347,Água Azul do Norte,22.812986778249925,10.899783590986686,7.16203783992483,7.507519970779817,5.992255174586713,5.326643824910753,13.511805506683258,9.573799356184214,8.861104926233986,8.379741385413665,4.716818877506378,9.647286277004731,8.144704292636433,5.379933779723839,4.509801816774771,3.920848674190324,136.34707207179034
1500404,Alenquer,39.58609468783461,18.50228795096495,27.54547076455116,21.87205329097503,14.860922875849145,17.813623987347817,16.44419843387538,15.111266676029052,16.201492289301278,27.399632841329154,22.1709490490592,19.87050487231991,32.85856856806053,31.824278418817464,28.975905340456997,22.282468326393044,373.31971837316473
1500503,Almeirim,59.63075739307089,23.411570080265644,38.83360346660108,6.508212705796099,19.561711620241223,9.322665770182336,23.944149092685805,12.28530137952516,15.387166639096943,21.242052420541363,19.00700179748961,30.050927278954948,24.953881023177114,31.747954106760744,18.7072125625785,23.00852094973505,377.60268828670246
1500602,Altamira,339.5890443453626,389.36123833757193,194.01706159531875,250.09694919872194,228.99580705374595,296.8177128434137,294.4912337592155,308.3980218526179,409.0918136471977,224.14018673219482,430.25828704144163,575.4573793825688,798.4571543839829,765.6140157965682,625.965760496743,317.7628097108571,6448.514476177524
1500701,Anajás,0.0,1.0310907336080133,11.941339263673992,0.30758609694949146,0.09276833012016304,0.0,0.0,0.10587273413839544,0.38008711214092705,0.0,0.0,0.395301723091431,0.8974710073182937,0.9745698861319794,0.13350698955594686,0.19711125399128088,16.456705130719914
1500800,Ananindeua,0.0,0.0,0.07146584161637494,0.0,0.10157753499697866,0.0,0.0,0.0,0.0,0.0,0.0,0.0,0.0,0.0,0.0,0.0,0.17304337661335362
1500859,Anapu,75.23138748423104,26.845276325348387,77.48658107167617,224.08412607763316,15.987257464695727,19.326319945001174,32.20911130089399,95.74597823464025,85.76115525866426,98.72603802296572,56.58410457488972,218.0942733046383,112.2178096126532,134.68135271933141,108.812708719234,96.12385650166001,1477.9173366181565
1500909,Augusto Corrêa,0.24547436383486768,0.3936913046197913,0.13721199239380782,0.0,0.0,0.0,0.0,0.18792066473525637,0.0,0.0,0.0,0.0,0.0,0.0,0.0,0.30866556349535246,1.2729638890790755
1500958,Aurora do Pará,17.292795685576724,10.54469385069662,10.898163807735582,6.791789544176673,0.8834227734484782,4.677274547250659,0.8628791764662076,0.9301840231880133,1.5234136300641306,4.628306725108403,3.6789959795940077,1.2854325195999878,3.102157056813668,2.601710320222755,2.1280728522848564,2.8821301518764235,74.7114226441032
1501006,Aveiro,32.95847924941387,29.19294430671346,17.924896079351328,34.56685711834844,15.754998218853626,14.041310772965181,29.62362340042319,15.96533117518559,13.408956112703935,30.648619550590784,20.96252418807416,45.010297117354895,35.072507812170585,55.56845854386569,53.070447231430485,29.407751721151794,473.17800259859695
1501105,Bagre,3.7309213631376457,1.8998907137023073,17.45388740322249,2.331730914983322,0.9315039852244291,0.5316127642759022,0.24888822656757664,0.7403556360392292,1.7585431172956503,1.416865943542265,0.8338155809792823,2.274009954125635,3.2385852972782385,6.07417652487344,3.4306036605357666,2.470109506161831,49.36550059194502
1501204,Baião,18.521709747973674,13.391143405559838,23.038945968488402,7.484103535703236,7.916119547558644,6.200475255239336,3.7426432933638707,4.438684563601447,5.653456899894636,5.247565649996511,9.980092339565596,7.2648516520873025,6.560850200839421,14.735835464064385,8.900871327635599,8.7736643707961,151.851013222368
1501253,Bannach,48.22778860916493,15.774217554937499,5.589767753500284,5.646972121094788,6.8375583138061256,4.561259457881588,2.7264941375923257,22.59056461849892,10.896823088667187,5.474346877492621,1.5788829486532314,2.3492596604617635,2.16400661396621,4.952870632380978,4.020221462702358,2.5816746296497506,145.9727084804506
1501303,Barcarena,1.0566049261533526,2.681353532780602,1.9084108500929007,1.0186516604392861,2.390666653343765,0.8228917451025035,1.0024088004207825,0.3400531023548363,0.6988121553768274,2.783915191746877,0.8220700028389869,0.0654185246586908,2.588743201001478,1.9980046440566555,0.5613842482266391,0.2633969321548943,21.00278617074908
1501402,Belém,0.9509875374938926,0.08408628197560306,0.9156337818729117,0.2540851330397864,0.21413803116529895,0.0,0.0,0.26657188823204325,0.28045373981122096,0.27592936331629675,0.9295193164471286,1.265645866304387,0.22802134798929224,0.4789497993060711,0.07130214655621381,0.0,6.215324233510146
1501451,Belterra,4.914776507899204,6.5918771644578555,4.255460149336215,1.5740168301882367,2.287705830282407,0.6814541128692572,1.2435035003987713,11.026342280878028,4.517473358328484,1.9672531499405346,2.6072558584256784,5.1172796120824735,4.47337965606258,16.35823826185517,12.776653268158418,7.536706410831877,87.9293759519952
1501501,Benevides,0.1896016912886173,0.0,0.0509274203775689,0.0,0.0,0.16019059156012197,0.0,0.11270497905019282,0.0,0.32113800669916215,0.24916566552520214,0.06524415267762063,0.3141785645039775,0.13945996256005716,0.4370143444177669,0.0,2.0396253786602876
1501576,Bom Jesus do Tocantins,10.539935201036776,5.636903858700282,7.467457079504053,2.3036599967476232,1.7987662202545105,6.049845392508464,5.733653783816147,5.476851923777648,8.046346238380762,5.836300422096655,6.869357780298636,7.435132873980344,19.204130972694763,8.080600445187285,6.508029678163965,5.8686130251845245,112.85558489233247
1501600,Bonito,6.774712136254777,0.6248688825909207,1.3704122758994541,1.7309961222936563,0.0,0.5639148780324352,0.2850971585501798,0.83012913876133,0.7675379291625656,0.6313289087088663,0.0,0.0,0.24148961591683885,0.19943893007361543,0.0,0.32021750298951096,14.340143479234152
1501709,Bragança,1.259954960665219,6.118659634729868,2.677917033210088,0.8965749850825147,0.21531530653594536,0.0,1.1249581780033957,0.5095182075776742,0.0,0.5722066457061044,0.29574934805282255,0.22589568636833357,0.4081219214552158,0.3037393621940315,0.0,0.4856928215342161,15.094304091115431
1501725,Brasil Novo,17.218785182238484,57.16506961695811,49.82718047459632,38.662005901196,8.865720205826914,32.07424126422672,8.920695512745883,10.89084627876227,6.5679226468325735,28.19000129814366,19.090901758159518,26.089205754596943,26.88639274137769,20.41226874963835,8.735827632063659,11.574247651781537,371.17131266914464
1501758,Brejo Grande do Araguaia,8.771043738407082,3.2099304200563763,2.2962719846663275,2.174193890897149,1.035298779104124,2.546815119031765,2.7907974500645873,1.213445608730526,2.317947433972031,1.9342950875212843,0.9048879486852686,1.2012451249511469,1.406150564779772,1.9668366514693278,1.8675096339411323,1.1523053481855823,36.788974784463484
1501782,Breu Branco,67.89451170330506,17.641285397332016,54.46542972390038,14.933877249305842,17.282692967630066,11.154970445507647,6.633290739677105,16.25429086105972,9.329014285812312,8.960697849622377,9.008447242083113,9.325194295204142,12.246834030363011,13.382671205874543,8.330871306175002,9.139290290498261,285.9833695933506
1501808,Breves,3.954817411052369,0.9631165659046494,1.980837419825551,0.6393512462206605,0.2779188850156245,1.2500365751834368,0.46089726589430885,0.9138008761170657,1.8546437680173804,1.0372241381038432,0.361705077844744,1.809534414112761,1.8819562566679862,2.3062662101810014,1.5522540301690309,1.1118868816325507,22.356247021942963
1501907,Bujaru,5.638321980515828,0.541212604155788,1.1634259284965587,1.640137243529217,0.906033152489318,2.671819403395252,0.08055781271139084,1.1118415564700055,0.6865555907451463,6.190453688954146,0.8974707376283003,0.16576689904034397,1.2620686422140248,0.5747347689083208,0.2509133670708697,0.4445453943591977,24.225858770683708
1501956,Cachoeira do Piriá,22.946893769717526,79.24846083173252,58.48559176168326,24.436219334393275,2.9636588949576432,5.08073370090329,10.656800783838994,12.694686444895945,9.226664344999062,20.989136451502674,18.851117449521666,22.32881250726406,27.652247203001114,15.284120026748175,11.546547060540417,24.997636320365096,367.3893268860647
1502004,Cachoeira do Arari,0.0,0.3419287478027349,0.9361963635602926,0.21222145984795432,0.0,0.0849537551445428,0.0,0.0,0.0772031532247555,0.0,0.23061357223154028,0.0,0.0,0.3950583785209151,0.07076287145444854,0.06574421512816885,2.4146825169153523
1502103,Cametá,0.7923145976023617,6.704282843586564,13.551200291673677,1.3918900058395642,0.48091152976806306,0.3982164084727002,0.33737438814459864,0.2910805850832391,0.40929486217524463,1.27404948050766,1.0483578861966232,0.14318750920562603,0.4798178728446806,0.30451558573746784,0.42115763464699574,0.4113019278574858,28.43895340934255
1502152,Canaã dos Carajás,8.877175235717798,0.8720593568523016,1.3423679396596175,1.1387667558500698,0.2656994316565836,0.33430768478435197,1.3892125116121155,2.674405507476197,2.076155275246964,1.3889241899991644,1.0009231981090747,1.1720671671872451,2.000320264607924,2.426334833855062,1.7691448293355292,0.6255852487384381,29.353449430688443
1502202,Capanema,4.0886204221162075,1.3712914143813257,0.5817422526655115,1.4785429656727116,0.0,0.1309548091527062,0.28345628098496584,1.2940694894593274,0.10372515110497567,0.24294129994562574,0.06752517410338837,0.08758057906623348,0.5325362374446444,0.3127677224788839,0.0,0.3945246415037612,10.97027844008027
1502301,Capitão Poço,7.172661807633111,11.85147815322802,1.4619849173320727,9.256214806726366,0.6121901237214645,1.1335873697425882,1.2205411822804104,1.215605222436026,1.0718809706092658,1.8083940268580474,1.501996641096878,1.657424108566902,1.1686944163712856,2.297768522094544,1.539889395804276,4.405540333163118,49.37585199766437
1502400,Castanhal,5.638875548864701,0.5438105795065529,1.532571497911922,0.985828854688969,0.553993648330974,1.2388442799956483,0.19972496778467502,0.6717653450976696,0.8497073986402481,0.9201788405064166,0.44257057508438336,0.25165071120036153,0.751657492000957,0.9255197273521748,0.49389062245364207,0.35245307486678695,16.35304316428608
1502509,Chaves,0.17761333434947485,0.842572504248275,2.6407916266516667,0.15896727175588632,0.24454961387851631,0.07142993592442042,0.17061654684551164,0.7534143454778698,0.0,2.175440057326873,0.0,0.30057558996414063,0.06347462337909998,0.0,0.07116598512497847,0.06265973173731434,7.733271166664029
1502608,Colares,0.47766013142135655,0.0,0.15834028491790036,0.15128213495100526,0.0,0.0,0.0,0.0,0.0957342330301924,0.17041647401124524,0.0,0.0,0.06451318087359789,0.08187810860301094,0.14498419446073005,0.0,1.3448087422690387
1502707,Conceição do Araguaia,40.33414113843347,6.931804767351478,16.936658144222392,5.02121008491946,6.912034868878408,5.75137077800691,3.6044404909592216,1.6770085412595368,5.823165588074757,2.688626712055738,2.4964426371212047,8.477518069401537,1.996015050133664,4.210998816378295,4.239907248033286,7.035922994249215,124.1372659294786
1502756,Concórdia do Pará,2.449111669897208,0.8696977286262253,0.44676022445943586,0.5838547215636984,0.596242382906927,0.5639932131181647,0.2864398685394576,0.49389745956003245,0.24110720060064605,3.1384669685583235,0.40908831613310653,0.31354271014615637,0.7810123336561956,0.2727011280044986,0.33481599655848165,0.23035099445599455,12.011082916784552
1502764,Cumaru do Norte,182.8294594304853,36.53586241398465,42.61105365889724,58.97834083307347,57.814196332364496,37.872366971171395,25.512780447484012,40.688167795334074,32.66418169036291,38.399086572156676,28.803831453890815,43.79818137961094,69.81302930189212,46.761644650362705,25.348847537630217,15.447373286053121,783.878403754754
1502772,Curionópolis,4.708088700023822,0.89769000968384,3.656850736810486,0.260123318430392,0.4802063994357918,0.0,0.0,0.4632867923591824,0.45766139253797933,1.716779296544509,0.9324741249040152,2.77517817917819,3.696708377869328,1.3233469496895323,4.2478394917113675,0.6776120196573352,26.29384578883577
1502806,Curralinho,0.7019223548245693,3.3095573070854276,9.054603741193308,1.3729141156183788,0.45308526892593337,1.6913590065505384,0.2279194045394441,0.09018756798447082,0.9919195919867814,0.15376856864499827,0.0,1.7115702432717415,1.0871615750147343,2.797345034628046,0.764340420482062,1.1552976133378163,25.562951814088247
1502855,Curuá,4.035525499193373,4.284058288883627,7.380196748490687,3.347593907130248,2.1229435312442457,1.4207259906620717,5.888691801014498,3.785368394000725,5.639012463726966,5.956690678608236,4.9149502842363395,11.192957827064507,9.556408991481499,6.9523141340964205,6.155109506627038,6.504199827836507,89.13674787429699
1502905,Curuçá,2.2928439249513772,1.4555609095636375,1.5913981162152333,0.4100744594637895,0.06888990140831122,2.3125939566620883,0.14332707798708164,0.24615989220608164,0.9788980230149774,0.42359441321239844,1.1047239592073663,0.5645980238080957,0.8731662758298036,0.6859926124790184,0.07033460697168416,0.41417389834036,13.636330051321304
1502939,Dom Eliseu,53.59982388206096,40.88412285039718,37.410389944938984,24.69119460238929,29.395494059524495,10.336851006525128,5.7726924879065935,6.870954342822611,7.327411084532954,5.660698301359069,10.689417809028042,13.220376864898032,26.61638575425584,43.365684607931215,48.097155902080694,40.96411401428345,404.90276751493457
1502954,Eldorado do Carajás,30.610079563441236,24.704661454245052,22.08133224516254,5.31411601683324,2.630317963850507,4.661664561417954,4.129084384252175,4.543250964107163,10.614944597352629,1.9638095345716302,3.9503339480360187,3.4985253161124166,2.8541367191803384,3.130086794723333,3.252814831655066,3.294211610143045,131.23337050508434
1503002,Faro,2.025161044758388,2.3198786786325756,5.4042143694873,2.953869107356014,0.7018308902355141,1.3519202761384335,2.429971656880053,3.211056334220669,0.8731395202513831,1.150103528840946,3.327918548848559,1.1901841715807027,1.172507554336869,3.4273271122144893,4.808937866775324,2.755135156067368,39.103155816624586
1503044,Floresta do Araguaia,18.633246773858918,11.652769188663592,11.752121894578194,3.6270181327298867,5.059984294780166,4.828969331011025,2.950335557179109,2.8697584901099966,2.738560230363509,3.5898734437061854,1.1848798336226205,2.607983356703918,2.1733459156321673,3.0265256123122963,2.318202684938618,3.1120736896627723,82.12564842985296
1503077,Garrafão do Norte,8.14614248926581,18.094450209136447,6.88000314610904,9.909065693105624,0.8482082665288646,0.3398113439951396,4.025532996566345,1.214192502236656,0.9798641540515669,0.6099013879082281,0.9888361632477016,0.6247634725394566,0.9060500898972998,1.1664166814793178,2.0206021177501703,2.1943534000498444,58.94819411386752
1503093,Goianésia do Pará,35.681155012126034,25.934079889837843,49.0894606470499,21.374321558031582,16.154655747512923,38.547039271016935,23.249428610919114,24.558827015431238,20.61685358617952,23.667000738594357,20.48503622340358,30.157242471487535,40.01101440846619,28.802682002254024,27.867775437024807,18.978535072861,445.1751076921966
1503101,Gurupá,3.590323679912734,5.482120729727885,6.232029930131658,0.5805362920184792,3.4008799826880582,0.6459675382694423,1.9284493333215524,0.23987536369400678,1.2351420081943576,2.172621540794746,2.953042822888849,4.635320278502674,3.831699957323372,2.1110211771323,2.353033374509689,1.7318788432130707,43.12394285232287
1503200,Igarapé-Açu,4.213409771140098,0.9758463187609281,0.5556287483483437,0.059172929681632874,0.13965827781450657,0.8100554504246873,0.0,0.3060095619232504,0.09601144625292246,0.6204092861022892,0.0,0.0,0.22214150718496867,0.06570241222003004,0.0,0.1093433729920254,8.173389082845683
1503309,Igarapé-Miri,2.4217771773893864,3.178523296095551,18.293543446740237,2.73191178160154,1.0269626647561019,0.981046571731903,0.26540806492567137,0.5852863196117176,0.1432937151795051,0.4895911343959864,1.203521420395568,0.8216100803341693,1.0831289720137298,4.429250081197137,0.5501936505435492,0.9707448339965227,39.175793210908274
1503408,Inhangapi,1.0990970544983119,0.10744651685168705,0.0,0.0,0.061808208925499285,0.23914031256201124,0.0,0.0,0.06833638692807842,0.20864019556816227,0.14058153546958502,0.1850824934279671,0.24922312228007787,0.31468357885466514,0.0,0.0,2.674039405366045
1503457,Ipixuna do Pará,46.5217379946474,33.04600912419502,45.19407203666426,14.482488700515397,9.031738061055796,18.467805516143752,6.395773697393774,14.03713943972217,11.3691815846112,8.425750790793428,12.603658408363753,7.381971263913081,23.392702790245558,29.959502093074104,10.584845267181857,19.780720012793306,310.6750967813138
1503507,Irituia,4.423838842768096,0.8546796334360525,0.0,4.908221460413042,0.2157548526721344,0.9071647039140065,0.06990844174590918,1.8901089159635844,1.8365667258352034,0.9553996902559484,0.3281711426183339,0.08627888826628592,0.5186341375883049,0.7903901020305009,0.4593676629582595,0.7516684758217768,18.996153676287438
1503606,Itaituba,170.1168229680359,148.6560925289727,91.170351449339,89.54791750795451,94.78298503014271,188.3476826468012,99.77628702069129,90.27804254761159,129.69119792786435,79.91440276958919,95.96191705761002,169.00379755572823,272.66093549774337,355.8141822409182,348.01386419158507,111.2469343665793,2534.9834133071668
1503705,Itupiranga,226.44659768552262,88.1602569158511,51.35771366449085,59.04797553161474,42.488146301086594,62.552788283918304,48.690254700351765,27.925313306863778,87.90432434312837,29.24202239724519,30.71164372501138,34.851016963183774,33.34114673921201,48.574127677708795,26.8373530231101,27.622208140809104,925.7528893991084
1503754,Jacareacanga,23.352041035230833,14.78376733369967,26.261638582792255,28.05916692339043,32.88104568225096,22.406695906701014,24.245617853095844,30.981591056776214,48.7227416063187,35.39813931382198,51.84398378129213,94.17495506514085,88.98011804538807,110.16953176528659,107.77977244389089,58.00833220218908,798.0491385972656
1503804,Jacundá,5.899406848620493,3.63080907580039,6.742332431978819,2.310698723655594,0.8999265139993259,1.8558445682229519,1.902727291347971,3.2882209103382185,2.115811565260693,1.981111099143573,2.6782947286110077,3.6927613172855853,3.7050842339016388,1.5117273089922179,1.3777057435554694,2.303171207061164,45.895633567775114
1503903,Juruti,11.450139557201096,14.246339497791345,7.471181804884341,6.10825042841092,1.374256333975137,2.1665657188436476,12.84053163929141,8.238640157629693,3.8962912757660044,11.597335367179596,5.283753234848856,15.634281171086608,9.279201378505004,4.374763032204317,15.614586839619012,8.521317866984127,138.09743530422114
1504000,Limoeiro do Ajuru,0.07551090513976944,0.3308528690750861,2.9406309723960407,0.06788606854178213,0.0,0.0,0.0,0.0,0.18189725070115684,0.15028468828351405,0.0,0.05246676987639448,0.20347314283092818,0.3454389511812882,0.0,0.13875134563959546,4.487192963665556
1504059,Mãe do Rio,0.2892103587029231,0.0,0.0,0.06505597533349188,0.0,0.0,0.0,0.15920900434455088,0.4331598211353592,0.3697705869934463,0.0,0.0,0.20753293384549695,0.0,0.0,0.06823806324948546,1.5921767436047538
1504109,Magalhães Barata,0.410308000909144,0.0,0.5325962610459744,0.13608808894509125,0.0,0.5834127144236536,0.0,0.27920725528787677,0.0,0.3461928106361224,0.5229240180108692,0.16896093536954712,1.6910714284671318,1.2221066932428302,0.1395571858710248,0.1657676004050614,6.198192992614327
1504208,Marabá,348.8520779675985,111.23652153892937,79.02015091540149,64.80576317151944,52.743474206140625,81.17554292972471,38.6729269171629,45.7411303156128,99.66012843046882,41.8130763989353,48.37526028668383,67.960996113155,58.76371359956124,73.92710487423045,42.73522967532651,36.555435209913746,1292.0385325503646
1504307,Maracanã,1.301953902674656,0.522654683955258,2.152322812511034,0.5893896452061783,0.4141356140012629,1.4475013385793454,0.19003170034606098,0.6444087719028556,0.6400819285267101,1.4113010811536906,1.0803085908386774,1.647702116719054,0.8982677761655243,0.598505269479811,0.3381428483345645,0.2763960873827406,14.153104167777425
1504406,Marapanim,4.708074730056197,1.8365041323607747,0.9846722289270519,0.22642070175814677,0.0,1.3783467807650083,0.28581628542077764,1.455251664947065,0.5174508798253835,0.6921073196604502,0.8137971536784955,0.0,0.7048249052858638,1.353398756637328,0.7089827065633134,0.1641454673593258,15.829793713245182
1504422,Marituba,0.0,0.0,0.0,0.07069687906831343,0.0,0.0,0.0,0.0,0.0,0.0,0.0,0.10521602113284585,0.0,0.0,0.0,0.0,0.1759129002011593
1504455,Medicilândia,27.667577276446192,54.6702917200715,46.155989040878005,28.95944323344014,20.7829919380429,37.77950398126637,16.87941058242887,17.705984932154195,7.973794791107701,115.96866426109708,62.60271993284674,112.78121829744741,64.46423542512171,104.798346291501,101.89428427996769,96.89277526050957,917.9772312443271
1504505,Melgaço,4.500254917207565,0.06964282315167547,0.961751089826874,0.43275949371414235,2.188903754703567,0.640096035916513,1.5663262818854937,0.2583730905651945,0.5991898040818159,2.926012814432776,1.5563193463761205,2.557104460675677,2.1946102852993477,1.8522651977436653,1.9195203452866463,0.7421920863023641,24.965321827169436
1504604,Mocajuba,0.5019654156213098,0.3401305430698301,1.9184501214944385,0.5655838842094973,0.3155045626096923,0.15982251631160194,0.23123218112589977,0.0,0.30904655972827555,0.3058315141200485,0.30426893182260434,0.10846801946212106,0.08796144680530099,0.004809976347399902,0.0,0.28619318038381364,5.439268853111834
1504703,Moju,116.33831686301326,66.93538030816299,115.8513890711985,42.79474833231705,43.3143399157013,36.10905085157255,24.938178699774422,25.664852950790564,30.400380779627994,43.29611502278596,33.61276175753131,27.989925037297176,36.408577707463365,55.850181518521225,74.88946103226117,97.56999387842065,871.9636537264395
1504752,Mojuí dos Campos,25.49852519796111,29.985121016720377,12.761880662871302,10.871053941472743,11.405178311939146,3.953018712677602,6.202125166073404,31.926897372387284,10.141292354919699,19.21232406583922,24.13219536226629,45.26032050538016,31.481338985286143,61.71212788766866,81.14180905210496,91.40446728014692,497.089675875715
1504802,Monte Alegre,30.248326137130125,7.3292435455658715,20.02902672763519,10.852765057590748,14.991770149283177,9.670495637179247,15.097317122471509,10.994898100789296,23.899576365118445,31.048828463822797,11.644615777865924,25.767335099020997,32.86519739918673,37.58199042699203,37.46878956069375,16.394754178173354,335.8849297485192
1504901,Muaná,0.0,0.7561715487334599,1.7605966349298863,0.12401469156990672,0.09273958448567708,0.0,0.0,0.0,0.0,0.0,0.26091396334219474,0.0,0.09342776836071368,0.30505704530795563,0.1282690294066424,0.0,3.5211902661364367
1504950,Nova Esperança do Piriá,16.463485688757995,60.033768175871806,10.181065429580567,33.374913649646665,2.6182798596490544,6.893551792495924,13.628424379515842,2.8106565942782784,7.469278391894005,5.5451513287010865,4.578926017634888,4.381053341270313,7.8031816130162595,2.451973352368185,7.947969121998754,4.3167334257840695,190.49841216246367
1504976,Nova Ipixuna,10.611539670662765,10.25909023258187,7.311414587707402,5.342417544695295,2.5858156464559023,2.1536201806926467,2.0784191707888726,3.6329008039411606,4.479853306688526,3.825411028850776,2.8652604578087604,6.112013057509409,6.189255990495348,3.6441959041018777,3.957171256790445,2.6011218842376342,77.64950072400867
1505007,Nova Timboteua,2.3414171556098116,0.34769870092794614,0.17031736616196513,0.1934729343504381,0.07989271648430833,0.4078589793937105,0.0,0.2850774023633196,0.47174683444518967,0.6105265393181224,0.5397705207116825,0.0,0.071846526507871,0.0,0.0248772560051327,0.36248062622723687,5.906983558506735
1505031,Novo Progresso,235.94547281062086,316.9838332016919,50.78413389817661,53.17588458360453,73.99623208888295,164.33155007271745,115.36138835761439,169.54988329140187,140.6225156401866,60.58777265206954,192.17499196572857,201.10262580239342,363.8006837741093,414.42759616587057,261.7688964422524,96.48418759672961,2911.0976483440504
1505064,Novo Repartimento,483.5235088762711,286.0554468098853,223.2792738857737,182.24185748407,121.10144873252678,150.69141848096,77.89114162861054,73.74901641399138,225.30383615198622,121.85708166774168,167.19569669023983,141.15145836081336,155.04755622212136,190.76872195875637,109.31424088944107,108.17213840829409,2817.343842661482
1505106,Óbidos,41.29289020024621,27.650509743049803,44.42196156641814,15.61375379680011,9.991233495621977,15.452666221078529,23.002380673639287,13.216521489822032,10.187573055269423,17.94885111287753,22.348969828019836,34.81006135989552,42.436027113277234,29.575422377766554,31.666346152676937,23.696606441584944,403.311774628044
1505205,Oeiras do Pará,4.906756995501411,8.094210759675262,56.94366797097763,6.489504272850822,3.258244732384617,2.3367037180755896,1.8736640280748427,1.9412332417343727,3.6315893236068746,7.521273722573643,1.8976531920117516,2.731758061355297,2.4625447043668904,10.660032477016571,3.294150520300106,2.5367446614455864,120.57973238195123
1505304,Oriximiná,29.27701813311864,18.041447412795762,37.59695540082768,12.294622561600043,4.571688421257382,8.57897976585694,8.670873540506545,13.600142376408195,11.788701913653272,11.48525089396108,14.650443742363155,20.595325493054617,24.379671644038613,17.203554421769063,14.443221653977957,15.4264828120533,262.60438018724227
1505403,Ourém,6.748863323190733,1.808230003310683,0.1653217275415063,1.1899903627654067,0.0,0.08339740917053404,0.09767335604569642,0.3358647313812867,0.6951529324920845,0.6014502401371533,0.41319624621267587,0.30543593089315835,0.335894289655558,0.42657006159632027,0.0,0.4778358407222949,13.684876455115091
1505437,Ourilândia do Norte,20.523551052542405,7.62403626774528,3.1920449909135917,5.664437487793971,4.663345592460666,4.326138335730634,5.760179457135999,5.426391451042268,7.618614240026243,13.025715694619205,8.614935041070284,16.757847866868754,17.99090718820478,15.184627850591715,7.552680336014824,9.014362408537938,152.93981526129855
1505486,Pacajá,258.9068505243516,100.37123568984406,274.72520490459135,196.77496207535052,33.721863785238234,29.859743718293586,78.63011249691316,165.84292938676728,141.0755989741073,179.69732922441742,130.6824546990894,312.46493822128144,247.80207399176047,258.79160484132444,222.72857207336082,186.46969898549366,2818.545173592185
1505494,Palestina do Pará,8.153087761921784,2.967321453384703,4.54132691425073,1.0240216737167278,1.1985378134754932,1.8695471443976053,1.7327677371057506,1.2296879920557933,2.3426744606130807,1.3286495960834561,0.7763618445386713,1.1611512086870057,1.0592473795900321,1.1330563042860091,0.7472385742012194,0.2581735314990544,31.52285138980711
1505502,Paragominas,63.762920677208854,121.2219686071125,68.35501892264821,35.28660115985361,17.192456556062428,30.80643781381874,19.829251687938058,24.168627996998282,20.065512503355215,19.712321680836066,18.053072915624558,25.934356712438543,19.675795353075543,31.43284350311661,47.3369082302746,31.78642345141991,594.6205177717817
1505536,Parauapebas,27.84099827283694,4.54545097664274,4.129240138717335,2.238013032786054,4.270369108222012,4.188420166756434,1.3349284136433843,1.8021827828666468,5.945884333608813,1.5198590182384715,2.6467079838776493,4.400560541084974,3.7947844341922776,7.314311097998331,4.149993187393391,2.951900080674646,83.07360356954011
1505551,Pau D'Arco,10.873062531448054,4.66959175470322,1.0770008057170357,2.368508468640727,1.2758340611776686,1.5465669905409,0.9997676929812666,0.6087179314573306,0.5600474887025688,0.4857432188075066,0.42829133175650813,1.3106053553303416,2.9608352733652583,3.890947584858763,1.6274565237987801,4.641269036308399,39.32424604959433
1505601,Peixe-Boi,3.8426458146212807,0.13692670958976613,0.5133053218698319,0.3926325151836189,0.34603823339405804,0.49323608692406795,0.0,1.6318148926980969,0.531297156468357,1.8005824043049583,0.267422060407003,0.0,0.24980917446336465,0.3174535373535022,0.1444995600871379,0.2982781225063244,10.965941589871369
1505635,Piçarra,17.204009837526314,12.158675237909106,11.950314937351294,3.533952388193678,2.343192290065596,3.5618493293046245,5.092352591841049,3.104910609300388,3.265449409199269,2.777861937348271,3.8736641764404163,2.0004936523983545,1.612021219229001,2.02697289312939,1.9446235137779313,1.0676043535492405,77.51794837656394
1505650,Placas,85.64843465132437,39.51322741560315,56.18548746940779,39.96618942825434,79.58021169775643,24.783625023842255,53.30144800521647,88.7390162104136,67.66389696271585,87.97969837947784,90.37921251793814,104.87447431951429,85.73306088613431,141.37932687995655,141.20861475718104,63.54526333581552,1250.481187940552
1505700,Ponta de Pedras,0.0,0.40548947227550003,0.08314928228291138,0.21985970391822124,0.0,0.0,0.0,0.0,0.0,0.0,0.0,0.0,0.0,0.0,0.00034638219391210177,0.0,0.7088448406705449
1505809,Portel,96.83995119401055,30.89809517263612,56.08183232677309,72.8369754436524,12.25232745897635,16.942198862727622,60.738880998922525,109.36199050507139,178.30896678409272,167.70308134169127,96.67334369328265,254.4789004248005,190.00319703432422,240.13245058760887,315.5729813582925,201.40944268123516,2100.234615868098
1505908,Porto de Moz,22.388113956985357,53.93384723529138,31.43927285179454,19.318601570319878,20.540117053814647,16.019164727925187,21.669384464778002,21.697261975149335,20.908534440954963,15.041779433621114,35.93015849154544,41.768580610469215,31.99751048900752,51.35354334593609,41.39445039779539,22.393278679246617,467.79359972463465
1506005,Prainha,70.72987335973932,34.028122881857406,68.05437436554345,17.99737948401194,26.20554085408623,27.41241034169903,36.97590645120037,55.056087159195364,46.19619990159202,66.63966742456019,26.37351901654504,74.31373562236493,54.59369548973452,66.97574767689393,84.3440197641258,56.396362794353834,812.2926425875035
1506104,Primavera,0.8296639466106058,0.06800853230281538,0.32171724860551987,0.5793385248139999,0.09050141866315871,0.23319043580758497,0.16505104158512296,0.474133764422823,0.1447156784029921,0.0,0.14056682519155628,0.0,0.45244700213860145,0.06473847856120332,0.2529776500252242,0.07063534398191879,3.887685891113127
1506112,Quatipuru,2.019216768573624,0.3657248431627648,0.37929797930146775,0.0,0.1042205650621006,0.0,0.0,1.2339608037819205,0.08620108278881769,0.2131915579474422,0.20683591523459585,0.0,0.07843559500942086,0.0713368984670529,0.0,0.1732731611824494,4.931695170511657
1506138,Redenção,7.02668329844759,2.9145649235937,1.1193329493191304,0.6625264196360732,1.675572667068909,0.3004441145721583,0.13344718297024058,0.09101773580973277,0.20018687193958673,0.25079501089586387,0.12674224199260997,0.6924768308546604,0.22148762782810727,0.3222202859494124,0.10626351873233818,0.07160860107447725,15.91537028068459
1506161,Rio Maria,15.348557885024643,6.742818330300077,3.9912701298155357,2.7501295754411204,2.288164069280261,8.645283993661051,3.8571810516406324,4.85528851346217,7.382872530715484,6.236884253481813,7.340638158607423,6.110582600167447,11.760830298621034,5.870504632412978,8.147781406883917,8.211877635615302,109.5406650651309
1506187,Rondon do Pará,53.6270584768476,30.602491242827895,53.090981444074515,26.53500596418884,14.146779907717484,29.24693034386704,22.61774552619798,19.06224298214157,26.60765173094857,19.257169025199023,24.41981422127289,34.34682886610236,36.718415828245455,34.6612636004609,46.84908078081064,36.176183908492234,507.965643849395
1506195,Rurópolis,49.399218770836015,29.839327556458326,32.225433724529246,40.93173120227835,40.570920074252996,18.773649805183787,35.005813414424566,30.959581657144298,27.83753374196613,42.857835897222415,50.01825197147968,108.7398408665101,98.6740069909487,169.5430727833244,118.26599025129184,40.04436724498841,933.6865759528392
1506203,Salinópolis,0.7879646926902202,1.8564939035792614,2.1541962907034833,0.43881665976816464,0.29048880229535246,1.7045688207802396,0.0,1.177202888650655,0.20855547475995723,0.09279105136712801,0.276712857187978,1.1570225197815471,0.0,0.9717887199259703,0.3455624750813131,0.0,11.46216515657127
1506302,Salvaterra,0.26365277482651406,2.1616779294664683,5.0221072313152355,1.0622615364294168,0.4370044956510381,0.535875242206082,0.5439364059872592,0.07354401641586115,0.24632977557135233,2.448503095699878,0.11776647493962243,0.26169035572197874,0.08137845823794866,0.35421364702281277,0.0,0.19567712483809466,13.805618564329563
1506351,Santa Bárbara do Pará,1.3274730080602404,0.0,0.3435705328320275,0.09839189613106668,0.0,0.23808923621215888,0.0,0.11013355041602925,0.08222662369995967,0.16687743505299144,0.2313303206122289,0.43950014338194565,0.322255846793838,0.09003620004517554,0.0,0.0,3.4498847932376617
1506500,Santa Izabel do Pará,1.2784438431179534,0.13691782828558915,0.21923859560386527,0.36591625466928024,0.06797542336611836,0.9847450790899512,0.15038932258707696,0.4694030647972386,0.8388094593997227,1.7029967030079858,0.4614906099072051,0.0,0.3530179124610523,0.5050140157597136,0.22753812234122409,0.0,7.761896234393977
1506559,Santa Luzia do Pará,5.839503967431079,8.7946141099603,1.0156444243850307,0.3450513126323176,0.0,0.0,0.7526554838080262,0.0,0.0,0.35486359472812323,0.18377802099943502,0.197915367075683,0.5852694850279193,0.0,0.027811298642116254,1.0257444527531376,19.122851517443166
1506583,Santa Maria das Barreiras,101.19323832446507,24.042167687591856,44.10634026993208,32.76701798575972,19.164658007471445,20.18238142957617,19.490345791723676,12.913132243980646,18.661715487520908,16.472777879715874,12.543661274539334,27.857481774039847,32.542704894236984,11.757795421736086,14.843326324248494,13.058847571129583,421.59759236766774
1506609,Santa Maria do Pará,0.9553953376542159,0.21694551879930035,0.2784322843033425,0.0,0.21394408684776683,0.9460053253985528,0.09051590330884723,0.08347666843198165,0.25206294893362463,0.07794471424337981,0.1377835343227064,0.0,0.10066441682403926,0.0,0.0,0.23362797258832754,3.586798711656085
1506708,Santana do Araguaia,185.2235966780316,26.585099012513624,38.63603170129877,30.87840762478036,22.842284966339303,38.92028919775425,23.79125467755561,16.585488499081524,19.935790839276557,13.905307454961385,12.159793412529003,21.452674249238925,51.41062242572887,25.775575011987318,16.707927137386427,7.896911076714398,552.7070539651779
1506807,Santarém,30.86147127427754,18.085214394279614,19.039278461822583,10.944469461018743,7.12784209155578,6.044846956078791,11.17785179624349,22.160599021938356,6.857515635971283,20.789239423144036,12.835945302971131,19.379186625884476,15.510603553679008,17.643693631673365,54.52391440561015,49.907317438559225,322.88898947470756
1506906,Santarém Novo,3.0863322869554572,0.2105723828123587,0.2357440637914084,0.17917381316070632,0.0,0.08069784751776517,0.08249903979862998,0.0,0.1447981263109853,0.28127675662025997,0.21321090965420492,0.23057524287747716,0.06623083117488109,0.08834231851072477,0.14279139063421398,0.13456021952275116,5.176805229341824
1507003,Santo Antônio do Tauá,2.0602873086099653,0.11358054198106056,0.10250838527032224,0.3161130846816393,0.0,0.4622910461825529,0.07878879003511911,0.223815546126789,0.0,0.24831353497655645,0.0,0.0,0.38874262112873037,0.4731143252242765,0.0,0.12131292182022241,4.588868106037234
1507102,São Caetano de Odivelas,3.6838721239579306,0.3391902066300031,0.38188091884088876,0.39840705073857585,0.0,0.48394173570833565,0.0,0.2313477889380986,1.3144026899437928,0.32621867821199135,0.33474725597948257,0.07813296174614898,0.9050110315997616,0.3803481627036003,0.17678219840570453,0.7761547200674627,9.810437523471776
1507151,São Domingos do Araguaia,9.607309027514143,9.892162900944351,5.527429044286658,1.8985628211955363,0.872545911786341,2.363417554201516,2.4268843035339214,0.8909605279167936,2.58954584706033,1.5639868790668667,1.01973079483137,1.4881889226582519,1.4391362350944787,1.5133024602364495,1.4448178097372777,1.3178415415870228,45.85582258165132
1507201,São Domingos do Capim,12.015307623496637,1.5238644566882344,1.0694825181407377,3.0189425257492095,0.8541833441169646,1.9825881187402241,0.9448218970701853,1.7856291937893742,2.700164198343109,11.487028674001138,0.9313816023345854,0.47224336747400886,2.144007752813073,1.219651817734784,0.831897340741066,1.8095256797870307,44.79072011102036
1507300,São Félix do Xingu,759.4538556801622,439.90087159007123,349.616872376271,139.40359181240595,167.7448366149099,221.19916375794625,152.78241569667796,199.49748934581982,315.0735984086483,236.84719095244344,277.20295141585575,545.2074748660449,608.6044390464342,576.9896458793804,534.820560496093,314.3290127196154,5838.673970658779
1507409,São Francisco do Pará,2.639421041904908,0.10115481972692507,0.8512122663221968,0.16844792275282777,0.24632366080016882,0.4613698926130759,0.08421183150583197,0.07803025668822301,0.312831256162561,0.24382997315385743,0.06951068828607199,0.0,0.21015698901469118,0.23722953351567566,0.2247928272566765,0.12520932513364322,6.053732284837335
1507458,São Geraldo do Araguaia,7.765355204430844,3.497559285593879,3.5362898561142377,0.954393686108404,0.38200269871594755,2.2022481792263284,1.479672815211552,0.6724013090444901,2.9761808008644626,1.8943851840842916,0.9153946387399773,1.4867446300036857,1.2656858620314215,1.3733440780729653,0.5548938414659724,0.3567447208480809,31.31329679055653
1507466,São João da Ponta,3.7824978797949633,0.3035740307162279,2.323471247486769,0.730454696410836,0.07249971101423609,0.6563285730062496,0.12807085789793937,0.5834737661605031,0.38172506841262616,0.7929050666872137,0.6251139065134179,0.45333002518185317,0.6553551790861953,0.3981302549134422,0.4029993966685896,0.309489664957177,12.599419324908238
1507474,São João de Pirabas,4.582851350592784,1.9710300875784292,1.3501320713461646,1.1401925253050287,1.0107351813221617,1.2662434692753841,1.8169784342407502,3.28462886170518,1.0841136180475481,0.6987450600664846,0.9001064380639254,1.9494721112792528,0.570427570478831,1.8570770267441437,0.9633863177802976,0.7930785910316526,25.23919871485802
1507508,São João do Araguaia,34.983555189634835,15.439694968924499,4.878775529375193,3.0830856482741993,2.088268440088145,3.3870448655594365,4.557937892268816,4.9552490213154226,6.630275084846856,4.842940430546604,3.9581127537762377,5.289262026594323,4.792562839351962,5.398308591799354,4.826542230732891,3.2137115356486383,112.32532704873742
1507607,São Miguel do Guamá,7.842379583352289,0.6596572495429928,0.08235519894490154,1.38520317874864,1.2520262703178104,0.8236837340054303,0.216756641758743,1.5346011649493974,1.2180572600515756,1.6854461489091226,0.6693697552836123,0.21180317569697882,0.6613757325263294,0.8469226977735245,0.395405784932947,0.10084212585017374,19.585885702644468
1507706,São Sebastião da Boa Vista,0.0,0.46576153103873996,2.16014476508452,0.0,0.07901750910014647,0.25899059752970455,0.0,0.0,0.1364233169643259,0.07016686890420727,0.0,0.09166129298534782,0.41418451337845524,0.27363066027664035,0.0,0.0,3.9499810552620875
1507755,Sapucaia,0.4009797662231572,0.0,0.10157875115986775,0.0,0.0,0.0,0.0,0.862567055594044,1.0412966007517694,3.8915561275118047,2.2019301229116284,4.4651811587102985,3.825620676921803,1.5129936168530356,1.8906651683083666,0.44303793430944294,20.63740697925522
1507805,Senador José Porfírio,14.777925399243875,3.6759464282373555,28.4204173777495,100.44073566285095,19.11259787526823,14.571649859491751,28.22251946901331,58.579585539089535,68.26173177181496,98.92184399725814,49.51875442113389,328.17406781644377,147.79160476710504,112.46567114089885,122.0203952269036,72.63413649839794,1267.589583250901
1507904,Soure,0.0,0.21113416898760423,0.810611931622679,0.0,0.0,0.0,0.0,0.31570641379428127,0.0,0.5308768541035587,0.0917698918564213,0.0,0.0,0.0,0.0,0.0,1.9600992603645446
1507953,Tailândia,72.18840079262736,16.28646803297585,48.81960946195452,19.083061385428557,9.021223180621615,33.44353575454829,9.918064387772112,6.714617436873177,13.718830630693011,14.028306681900284,13.695175282384396,20.026331642170252,37.648398907107534,39.29687679533186,24.78443949031619,35.695327330851796,414.3686671935568
1507961,Terra Alta,1.3141855173580217,0.10033729877047505,0.4094828336289796,0.15931101620541127,0.42538745798459515,0.1591722050675645,0.19346923252508835,0.0,0.33693170283578133,0.010635849927366296,0.32085936399168447,0.17425404319612167,0.21084783251690709,0.1315496094080374,0.10037097065542629,0.2662593879443231,4.313054322015783
1507979,Terra Santa,5.64927030685493,4.061677399533329,4.227803178137636,1.3982422964733328,0.6228187262514098,3.0428025156664287,3.9093624380129155,4.457577387084094,2.9580874762515057,2.280274717205285,1.3920262661598006,4.597990112568611,2.9185304925906737,3.8474272315726417,4.842263510710272,5.6262599090554035,55.832413964128285
1508001,Tomé-Açu,36.33231821104936,13.726366557576473,36.34305945323939,6.287673743387333,1.0101864989903693,13.660382442864291,7.692949591588612,5.009826696964656,7.4166874314514235,11.391408013145751,16.58485656991678,13.581602116336393,16.065546210545666,23.082320668023492,22.607241981092468,15.007560227176397,245.79998641334888
1508035,Tracuateua,2.12098730800141,4.298220812703777,0.063476762277793,0.21505293011517956,0.0,0.0,0.46197377084348756,0.26259181651674096,0.0,0.4184907874331158,0.19441909435606658,0.36200645913593377,0.07758095216570692,0.28640776018644165,0.0,1.0084525445669528,9.769660998302607
1508050,Trairão,42.34303736881862,36.85073096709018,26.714910030061358,49.618408838013636,42.3586443549139,42.607381131142425,43.77488379577517,24.895637973701106,40.52692360102702,81.26962680535269,55.64704861468756,111.95738472877157,82.43773265330577,120.39476519876717,113.6534469127466,26.91095520924507,941.9615181834198
1508084,Tucumã,9.806545942904634,2.5254952927638765,2.408958058840474,1.652928241937429,0.9639146514561157,1.7316692151230348,2.7091347668813293,4.200795292923153,2.999217162450176,4.161614681810783,1.8815083140845918,5.342008792335523,2.5783608581638116,0.9091444602738299,1.2115090144564928,3.838762121045496,48.92156686745076
1508100,Tucuruí,26.813729163782103,2.095324011311274,36.61438760249413,8.898593944674367,8.558629891180368,0.8173067694393505,3.540107118568471,23.305132276921857,9.105491350140378,7.071032468034191,16.20612246998179,8.22257466776442,8.637660106377492,14.350329857647997,7.397252869556564,10.849597959622733,192.4832725274975
1508126,Ulianópolis,136.69868440187813,43.743972164613645,19.32818454251179,23.024859301403282,30.872601718423578,11.160593841616267,2.9724457953378467,22.618075076955463,18.211552816906472,15.482435086896128,6.522949659493995,18.31234382798655,57.410151442921894,75.30237064765232,17.33502358015721,22.34900047140892,521.3452443761634
1508159,Uruará,90.59485314420142,99.01739828490213,68.62191422161678,38.330762125798095,51.96240934366235,47.28592499927123,14.427113879975227,53.08890566300171,63.73584658959147,88.61425712418976,81.62293794664765,153.88529423180069,133.48599641234816,139.8028727524426,193.6415024566915,103.91407472970162,1422.0320639058427
1508209,Vigia,1.4683037097306482,0.06079742459483294,0.32163045920590155,0.24249231036083602,0.22998958965941663,0.5834469999079441,0.0,1.281086163391344,0.24338502666951897,0.16780483415273803,0.06471100096190116,0.2997464264294328,0.5469388366770207,0.33603418286290654,0.3802634754475149,0.0,6.226630440051957
1508308,Viseu,15.721407133154065,35.17019003056634,15.801691993451373,3.7352034255702327,0.8397668066801696,0.9165470212890383,3.247196189113289,4.192718296497509,2.2130265243644613,11.318128060650423,4.524370347303455,9.18883342933483,9.153182283949521,4.266265267584349,1.8342382341758205,7.13073977378903,129.2535048174739
1508357,Vitória do Xingu,10.51214736947809,1.5830926475379459,9.315794709963455,53.12868740268226,5.076412937879447,9.263855809042848,16.850917311620556,47.71816791933933,10.357688062681753,7.175357645458804,4.291859864062036,7.254745193656726,8.383101969323285,4.354585370513434,3.2343947151556582,2.3073081154958706,200.80811704389149
1508407,Xinguara,4.754881759322812,4.416086325528684,3.706188980815934,0.8331816767301037,1.4408130875313927,0.6381173823957889,2.2196804354548734,1.122626042942623,0.16914667736161718,1.327961407263247,0.8928494649442309,1.2935193232084878,1.432182509473248,0.8804058614283531,2.3499996510644685,1.0207671872008497,28.498407772666713
